<?xml version="1.0" encoding="UTF-8"?>
<project-private xmlns="http://www.netbeans.org/ns/project-private/1">
    <editor-bookmarks xmlns="http://www.netbeans.org/ns/editor-bookmarks/2" lastBookmarkId="0"/>
    <open-files xmlns="http://www.netbeans.org/ns/projectui-open-files/2">
        <group>
            <file>file:/C:/Users/Yael%20Charles/OneDrive/Documentos/NetBeansProjects/CURSO%20JAVA/EjercicioIntegrador3/src/main/Clases/Flor.java</file>
            <file>file:/C:/Users/Yael%20Charles/OneDrive/Documentos/NetBeansProjects/CURSO%20JAVA/EjercicioIntegrador3/src/main/Clases/Planta.java</file>
            <file>file:/C:/Users/Yael%20Charles/OneDrive/Documentos/NetBeansProjects/CURSO%20JAVA/EjercicioIntegrador3/src/main/Clases/Arbusto.java</file>
            <file>file:/C:/Users/Yael%20Charles/OneDrive/Documentos/NetBeansProjects/CURSO%20JAVA/EjercicioIntegrador3/src/main/Clases/Arbol.java</file>
            <file>file:/C:/Users/Yael%20Charles/OneDrive/Documentos/NetBeansProjects/CURSO%20JAVA/EjercicioIntegrador3/src/main/Clases/Invernadero.java</file>
            <file>file:/C:/Users/Yael%20Charles/OneDrive/Documentos/NetBeansProjects/CURSO%20JAVA/EjercicioIntegrador3/src/main/Main.java</file>
        </group>
    </open-files>
</project-private>
